{
	"credit": "Made with Blockbench",
	"texture_size": [32, 32],
	"textures": {
		"0": "item/penguin",
		"1": "item/cannon",
		"particle": "item/penguin"
	},
	"elements": [
		{
			"name": "head2",
			"from": [5, 0, 7],
			"to": [11, 6, 10],
			"rotation": {"angle": 0, "axis": "y", "origin": [8, 4, 14]},
			"faces": {
				"north": {"uv": [5, 2.5, 2, 0.5], "texture": "#0"},
				"east": {"uv": [5, 2.5, 8, 4], "rotation": 90, "texture": "#0"},
				"south": {"uv": [8, 0.5, 5, 2.5], "rotation": 180, "texture": "#0"},
				"west": {"uv": [5.5, 2.5, 8.5, 4], "rotation": 270, "texture": "#0"},
				"up": {"uv": [2, 2.5, 5, 4], "texture": "#0"},
				"down": {"uv": [7, 2.5, 10, 4], "rotation": 180, "texture": "#0"}
			}
		},
		{
			"name": "head2",
			"from": [5, 1, 6],
			"to": [11, 5, 7],
			"rotation": {"angle": 0, "axis": "y", "origin": [8, 4, 14]},
			"faces": {
				"north": {"uv": [5, 3, 2, 1], "texture": "#0"},
				"east": {"uv": [5, 2, 7, 2.5], "rotation": 90, "texture": "#0"},
				"south": {"uv": [8, 1, 5, 2], "rotation": 180, "texture": "#0"},
				"west": {"uv": [1, 2, 3, 2.5], "rotation": 270, "texture": "#0"},
				"up": {"uv": [2, 2, 5, 2.5], "texture": "#0"},
				"down": {"uv": [6, 2, 9, 2.5], "rotation": 180, "texture": "#0"}
			}
		},
		{
			"name": "head2",
			"from": [6, 5, 6],
			"to": [10, 6, 7],
			"rotation": {"angle": 0, "axis": "y", "origin": [8, 4, 14]},
			"faces": {
				"north": {"uv": [5, 1.5, 3, 1], "texture": "#0"},
				"east": {"uv": [5, 1.5, 5.5, 2], "rotation": 90, "texture": "#0"},
				"south": {"uv": [7, 1, 5, 1.5], "rotation": 180, "texture": "#0"},
				"west": {"uv": [2.5, 1.5, 3, 2], "rotation": 270, "texture": "#0"},
				"up": {"uv": [3, 1.5, 5, 2], "texture": "#0"},
				"down": {"uv": [5.5, 1.5, 7.5, 2], "rotation": 180, "texture": "#0"}
			}
		},
		{
			"name": "head2",
			"from": [6, 0, 6],
			"to": [10, 1, 7],
			"rotation": {"angle": 0, "axis": "y", "origin": [8, 2, 14]},
			"faces": {
				"north": {"uv": [4.5, 1.5, 2.5, 1], "texture": "#0"},
				"east": {"uv": [4.5, 1.5, 5, 2], "rotation": 90, "texture": "#0"},
				"south": {"uv": [6.5, 1, 4.5, 1.5], "rotation": 180, "texture": "#0"},
				"west": {"uv": [2, 1.5, 2.5, 2], "rotation": 270, "texture": "#0"},
				"up": {"uv": [2.5, 1.5, 4.5, 2], "texture": "#0"},
				"down": {"uv": [5, 1.5, 7, 2], "rotation": 180, "texture": "#0"}
			}
		},
		{
			"name": "head2",
			"from": [7, 6, 9],
			"to": [9, 7, 10],
			"rotation": {"angle": 0, "axis": "y", "origin": [8, 4, 14]},
			"faces": {
				"north": {"uv": [3.5, 6.5, 2.5, 6], "texture": "#0"},
				"east": {"uv": [3.5, 6.5, 4, 7], "rotation": 90, "texture": "#0"},
				"south": {"uv": [4.5, 6, 3.5, 6.5], "rotation": 180, "texture": "#0"},
				"west": {"uv": [2, 6.5, 2.5, 7], "rotation": 270, "texture": "#0"},
				"up": {"uv": [2.5, 6.5, 3.5, 7], "texture": "#0"},
				"down": {"uv": [4, 6.5, 5, 7], "rotation": 180, "texture": "#0"}
			}
		},
		{
			"from": [6, 1, 31],
			"to": [10, 5, 32],
			"rotation": {"angle": 0, "axis": "y", "origin": [15, 10, 39]},
			"faces": {
				"north": {"uv": [3, 0, 5, 2], "texture": "#1"},
				"east": {"uv": [2.5, 0, 3, 2], "texture": "#1"},
				"south": {"uv": [3, 0, 5, 2], "texture": "#1"},
				"west": {"uv": [2.5, 0, 3, 2], "texture": "#1"},
				"up": {"uv": [2.5, 0, 3, 2], "rotation": 90, "texture": "#1"},
				"down": {"uv": [2.5, 0, 3, 2], "rotation": 90, "texture": "#1"}
			}
		},
		{
			"from": [6, 1, 24],
			"to": [10, 5, 25],
			"rotation": {"angle": 0, "axis": "y", "origin": [15, 10, 32]},
			"faces": {
				"north": {"uv": [5, 0, 7, 2], "texture": "#1"},
				"east": {"uv": [5, 0, 7, 0.5], "rotation": 90, "texture": "#1"},
				"south": {"uv": [5, 0, 7, 2], "texture": "#1"},
				"west": {"uv": [5, 0, 7, 0.5], "rotation": 90, "texture": "#1"},
				"up": {"uv": [5, 0, 7, 0.5], "texture": "#1"},
				"down": {"uv": [5, 0, 7, 0.5], "texture": "#1"}
			}
		},
		{
			"from": [6, 5, 25],
			"to": [10, 6, 31],
			"rotation": {"angle": 0, "axis": "y", "origin": [15, 11, 38]},
			"faces": {
				"north": {"uv": [7, 7, 9, 7.5], "texture": "#1"},
				"east": {"uv": [9, 7, 9.5, 10], "rotation": 90, "texture": "#1"},
				"south": {"uv": [7, 7, 9, 7.5], "texture": "#1"},
				"west": {"uv": [7, 7, 7.5, 10], "rotation": 90, "texture": "#1"},
				"up": {"uv": [7, 10, 5, 7], "texture": "#1"},
				"down": {"uv": [7, 10, 5, 7], "texture": "#1"}
			}
		},
		{
			"from": [7, 6, 28],
			"to": [8, 8, 29],
			"rotation": {"angle": 0, "axis": "y", "origin": [15, 12, 38]},
			"faces": {
				"north": {"uv": [7, 7, 7.5, 8], "texture": "#1"},
				"east": {"uv": [9, 7, 10, 7.5], "rotation": 90, "texture": "#1"},
				"south": {"uv": [7, 7, 7.5, 8], "texture": "#1"},
				"west": {"uv": [7, 7, 8, 7.5], "rotation": 90, "texture": "#1"},
				"up": {"uv": [6, 7.5, 5.5, 7], "texture": "#1"},
				"down": {"uv": [7, 10, 5, 7], "texture": "#1"}
			}
		},
		{
			"from": [7, 7, 27],
			"to": [8, 8, 28],
			"rotation": {"angle": 0, "axis": "y", "origin": [15, 12, 37]},
			"faces": {
				"north": {"uv": [0.5, 0.5, 0, 0], "texture": "#1"},
				"east": {"uv": [0.5, 0.5, 0, 0], "texture": "#1"},
				"south": {"uv": [0.5, 0.5, 0, 0], "texture": "#1"},
				"west": {"uv": [0.5, 0.5, 0, 0], "texture": "#1"},
				"up": {"uv": [0.5, 0.5, 0, 0], "texture": "#1"},
				"down": {"uv": [0.5, 0.5, 0, 0], "texture": "#1"}
			}
		},
		{
			"from": [6, 0, 25],
			"to": [10, 1, 31],
			"rotation": {"angle": 0, "axis": "y", "origin": [15, 6, 38]},
			"faces": {
				"north": {"uv": [7, 7, 9, 7.5], "texture": "#1"},
				"east": {"uv": [9, 7, 9.5, 10], "rotation": 90, "texture": "#1"},
				"south": {"uv": [7, 7, 9, 7.5], "texture": "#1"},
				"west": {"uv": [7, 7, 7.5, 10], "rotation": 90, "texture": "#1"},
				"up": {"uv": [7, 10, 5, 7], "texture": "#1"},
				"down": {"uv": [7, 10, 5, 7], "texture": "#1"}
			}
		},
		{
			"from": [10, 1, 25],
			"to": [11, 5, 31],
			"rotation": {"angle": 0, "axis": "z", "origin": [10, 2.5, 22.5]},
			"faces": {
				"north": {"uv": [7, 7, 9, 7.5], "rotation": 270, "texture": "#1"},
				"east": {"uv": [7, 10, 5, 7], "rotation": 90, "texture": "#1"},
				"south": {"uv": [7, 7, 9, 7.5], "rotation": 90, "texture": "#1"},
				"west": {"uv": [7, 10, 5, 7], "rotation": 90, "texture": "#1"},
				"up": {"uv": [7, 7, 7.5, 10], "rotation": 180, "texture": "#1"},
				"down": {"uv": [9, 7, 9.5, 10], "rotation": 180, "texture": "#1"}
			}
		},
		{
			"from": [5, 1, 25],
			"to": [6, 5, 31],
			"rotation": {"angle": 0, "axis": "z", "origin": [5, 2.5, 22.5]},
			"faces": {
				"north": {"uv": [7, 7, 9, 7.5], "rotation": 270, "texture": "#1"},
				"east": {"uv": [7, 10, 5, 7], "rotation": 90, "texture": "#1"},
				"south": {"uv": [7, 7, 9, 7.5], "rotation": 90, "texture": "#1"},
				"west": {"uv": [7, 10, 5, 7], "rotation": 90, "texture": "#1"},
				"up": {"uv": [7, 7, 7.5, 10], "rotation": 180, "texture": "#1"},
				"down": {"uv": [9, 7, 9.5, 10], "rotation": 180, "texture": "#1"}
			}
		},
		{
			"from": [6, 5, 10],
			"to": [10, 6, 24],
			"rotation": {"angle": 0, "axis": "y", "origin": [15, 11, 23]},
			"faces": {
				"north": {"uv": [7, 7, 9, 7.5], "texture": "#1"},
				"east": {"uv": [4.5, 2, 5, 9], "rotation": 270, "texture": "#1"},
				"south": {"uv": [7, 7, 9, 7.5], "texture": "#1"},
				"west": {"uv": [2, 2, 2.5, 9], "rotation": 90, "texture": "#1"},
				"up": {"uv": [2, 9, 0, 2], "texture": "#1"},
				"down": {"uv": [2, 9, 0, 2], "rotation": 180, "texture": "#1"}
			}
		},
		{
			"from": [6, 0, 10],
			"to": [10, 1, 24],
			"rotation": {"angle": 0, "axis": "y", "origin": [15, 6, 23]},
			"faces": {
				"north": {"uv": [7, 7, 9, 7.5], "texture": "#1"},
				"east": {"uv": [4.5, 2, 5, 9], "rotation": 270, "texture": "#1"},
				"south": {"uv": [7, 7, 9, 7.5], "texture": "#1"},
				"west": {"uv": [2, 2, 2.5, 9], "rotation": 90, "texture": "#1"},
				"up": {"uv": [2, 9, 0, 2], "texture": "#1"},
				"down": {"uv": [2, 9, 0, 2], "rotation": 180, "texture": "#1"}
			}
		},
		{
			"from": [10, 1, 10],
			"to": [11, 5, 24],
			"rotation": {"angle": 0, "axis": "z", "origin": [10, 2.5, 22.5]},
			"faces": {
				"north": {"uv": [7, 7, 9, 7.5], "rotation": 270, "texture": "#1"},
				"east": {"uv": [2, 9, 0, 2], "rotation": 90, "texture": "#1"},
				"south": {"uv": [7, 7, 9, 7.5], "rotation": 90, "texture": "#1"},
				"west": {"uv": [2, 9, 0, 2], "rotation": 270, "texture": "#1"},
				"up": {"uv": [2, 2, 2.5, 9], "rotation": 180, "texture": "#1"},
				"down": {"uv": [4.5, 2, 5, 9], "texture": "#1"}
			}
		},
		{
			"from": [5, 1, 10],
			"to": [6, 5, 24],
			"rotation": {"angle": 0, "axis": "z", "origin": [5, 2.5, 22.5]},
			"faces": {
				"north": {"uv": [7, 7, 9, 7.5], "rotation": 270, "texture": "#1"},
				"east": {"uv": [2, 9, 0, 2], "rotation": 90, "texture": "#1"},
				"south": {"uv": [7, 7, 9, 7.5], "rotation": 90, "texture": "#1"},
				"west": {"uv": [2, 9, 0, 2], "rotation": 270, "texture": "#1"},
				"up": {"uv": [2, 2, 2.5, 9], "rotation": 180, "texture": "#1"},
				"down": {"uv": [4.5, 2, 5, 9], "texture": "#1"}
			}
		}
	],
	"display": {
		"thirdperson_righthand": {
			"translation": [-0.25, 7, -19.5]
		},
		"thirdperson_lefthand": {
			"translation": [-0.25, 7, -19.5]
		},
		"firstperson_righthand": {
			"rotation": [53, 3, 8],
			"translation": [5.75, 15.5, -7]
		},
		"firstperson_lefthand": {
			"rotation": [53, 3, 8],
			"translation": [5.75, 15.5, -7]
		},
		"ground": {
			"translation": [0, 5.25, -12]
		},
		"gui": {
			"rotation": [2, 125, 31],
			"translation": [-6.5, 2.25, 0],
			"scale": [0.75, 0.75, 0.75]
		},
		"head": {
			"translation": [0, 13, -21]
		},
		"fixed": {
			"rotation": [0, -90, 0],
			"translation": [-5.25, 9.25, -21.75],
			"scale": [0.5, 0.5, 0.5]
		}
	},
	"groups": [
		{
			"name": "penguin",
			"origin": [0, 0, 0],
			"children": [
				{
					"name": "head2",
					"origin": [0, 4, 0],
					"children": [0, 1, 2, 3, 4]
				},
				{
					"name": "right_wing2",
					"origin": [3.5, 4.5, 0],
					"children": [
						{
							"name": "body_sub_5",
							"origin": [3.5, 4.5, 0],
							"children": []
						}
					]
				},
				{
					"name": "left_wing2",
					"origin": [-3.5, 4.5, 0],
					"children": []
				}
			]
		},
		{
			"name": "cannon",
			"origin": [6, 2.5, -0.5],
			"children": [5, 6, 7, 8, 9, 10, 11, 12, 13, 14, 15, 16]
		}
	]
}